[
  {
    "day": "Monday",
    "sales": 42000,
    "bestSeller": "lemonade"
  },
  {
    "day": "Tuesday",
    "sales": 56000,
    "bestSeller": "lemonade"
  },
  {
    "day": "Wednesday",
    "sales": 37000,
    "bestSeller": "water"
  },
  {
    "day": "Thursday",
    "sales": 143000,
    "bestSeller": "iced tea"
  },
  {
    "day": "Friday",
    "sales": 259000,
    "bestSeller": "iced tea"
  },
  {
    "day": "Saturday",
    "sales": 278000,
    "bestSeller": "lemonade"
  },
  {
    "day": "Sunday",
    "sales": 270000,
    "bestSeller": "pink lemonade"
  }
]